{
  "filename": "QNB - QFT MX to MT - Project Plan Phase 2 v.05.1 (3).pdf",
  "processed_at": "2025-10-28T08:03:10.308780",
  "file_type": ".pdf",
  "docling_text": "8\n\n<!-- image -->\n\n|                                                   | Task Name                            |                                      | Duration Start May 2024   | Finish         |                                                 | Predecessors Resource Names   | June 2024                                       |    | ID   | July 2024   |        |\n|---------------------------------------------------|--------------------------------------|--------------------------------------|---------------------------|----------------|-------------------------------------------------|-------------------------------|-------------------------------------------------|----|------|-------------|--------|\n| 1                                                 | ANALYSIS & DESIGN                    | ANALYSIS & DESIGN                    | 22 days                   | Wed 6/12/24    | Tue 7/16/24                                     |                               | 30 2                                            |    |      | 29 2        | 5      |\n| 2                                                 | Requirement Gathering II             | Requirement Gathering II             | 4 days                    | Wed 6/12/24    | Wed 6/19/24                                     | Herman                        |                                                 |    |      |             |        |\n| 3                                                 | Functional Specification Document II | Functional Specification Document II | 11 days                   | Thu 6/20/24    | Fri 7/5/24 2                                    | Herman                        |                                                 |    |      |             | Herman |\n| 4                                                 | Database Design                      | Database Design                      | 2 days                    | Mon 7/8/24     | Tue 7/9/24 3                                    | Herman                        |                                                 |    |      |             |        |\n| 5                                                 | User Interface Design                | User Interface Design                | 1 day                     | Wed 7/10/24    | Wed 7/10/24 4                                   | Herman                        |                                                 |    |      |             |        |\n| 6                                                 | Test Script 4                        | Test Script 4                        | days                      | Thu 7/11/24    | Tue 7/16/24 5                                   | Herman,QA                     |                                                 |    |      |             |        |\n| 7                                                 | FSD Sign Off 3                       | FSD Sign Off 3                       | days                      | Mon 7/8/24 Wed | 7/10/24 2                                       | Jeannie,Herman,QNB            | Team                                            |    |      |             |        |\n| 8                                                 | DEVELOPMENT                          | DEVELOPMENT                          | 34 days                   | Thu 7/11/24    | Tue 8/27/24 4                                   |                               |                                                 |    |      |             |        |\n| 9                                                 | Landing Page 3                       | Landing Page 3                       | days                      | Thu 8/15/24    | Mon 8/19/24                                     |                               |                                                 |    |      |             |        |\n| 10                                                | Dashboard                            | Dashboard                            | 3 days                    | Mon8/26/24     | Wed8/28/24                                      | 26 Ryan                       |                                                 |    |      |             |        |\n| 11                                                | Transaction Swift                    | Transaction Swift                    | 10 days                   | Thu 7/11/24    | Wed7/24/24                                      |                               |                                                 |    |      |             |        |\n| 12                                                | Outgoing - Data Entry (New)          | Outgoing - Data Entry (New)          | 5 days                    | Thu 7/11/24    | Wed 7/17/24                                     | Alvyn                         |                                                 |    |      |             |        |\n| 13                                                | Outgoing - Data Repair Adjustment    | Outgoing - Data Repair Adjustment    | 2 days                    | Thu 7/18/24    | Fri 7/19/24                                     | 12 Alvyn                      |                                                 |    |      |             |        |\n| 14                                                | Outgoing - Authorize Adjustment      | Outgoing - Authorize Adjustment      | 1 day                     | Mon 7/22/24    | Mon 7/22/24                                     | 13 Alvyn                      |                                                 |    |      |             |        |\n| 15                                                | Outgoing - Return Adjustment         | Outgoing - Return Adjustment         | 1 day                     | Tue 7/23/24    | Tue 7/23/24                                     | 14 Alvyn                      |                                                 |    |      |             |        |\n| 16                                                | Outgoing - Cancellation Adjustment   | Outgoing - Cancellation Adjustment   | 1 day                     | Wed 7/24/24    | Wed 7/24/24                                     | 15 Alvyn                      |                                                 |    |      |             |        |\n| 17                                                | Transaction SKN                      | Transaction SKN                      | 5 days                    | Thu 7/25/24    | Wed7/31/24                                      | Alvyn                         |                                                 |    |      |             |        |\n| 18                                                | Outgoing - Data Entry (New)          | Outgoing - Data Entry (New)          | 5 days                    | Thu 7/25/24    | Wed 7/31/24                                     | 16 Alvyn                      |                                                 |    |      |             |        |\n| 19                                                | Transaction RTGS                     | Transaction RTGS                     | 5 days                    | Thu 8/1/24     | Wed8/7/24                                       |                               |                                                 |    |      |             |        |\n| 20                                                | Outgoing - Data Entry (New)          | Outgoing - Data Entry (New)          | 5 days                    | Thu 8/1/24     | Wed 8/7/24                                      | 18 Alvyb                      |                                                 |    |      |             |        |\n| 21                                                | Security                             | Security                             | 1 day                     | Thu 8/8/24     | Thu 8/8/24                                      |                               |                                                 |    |      |             |        |\n| 22                                                | User - adding Branch Code User       | User - adding Branch Code User       | 1 day                     | Thu 8/8/24     | Thu 8/8/24                                      | 20 Alvyn                      |                                                 |    |      |             |        |\n| 23                                                | Transaction MT202                    | Transaction MT202                    | 1 day                     | Thu 8/8/24     | Thu 8/8/24                                      |                               |                                                 |    |      |             |        |\n| 24                                                | Entry MT202                          | Entry MT202                          | 3 days                    | Fri 8/9/24     | Tue 8/13/24                                     | 22 Alvyn                      |                                                 |    |      |             |        |\n| 25                                                | Authorize MT202                      | Authorize MT202                      | 2 days                    | Wed 8/14/24    | Thu 8/15/24                                     | 24 Alvyn                      |                                                 |    |      |             |        |\n| Output pacs.009                                   | Generate                             | Generate                             | 2 days                    | Thu 8/22/24    | Fri 8/23/24                                     | 38 Ryan                       |                                                 | 26 |      |             |        |\n| 27                                                | New Transaction BKT / PinBook        | New Transaction BKT / PinBook        |                           |                | Tue 8/27/24                                     |                               |                                                 |    |      |             |        |\n| Project: QNB - QFT MXto MT- Pro Date: Tue 6/18/24 |                                      |                                      | 13 days                   | Fri 8/9/24     |                                                 |                               |                                                 |    |      |             |        |\n|                                                   |                                      | Task Split                           | Task Split                |                | External Tasks External Milestone Inactive Task |                               | Manual Task Duration-only Manual Manual Summary |    |      |             |        |\n|                                                   |                                      | Milestone                            | Milestone                 |                | Inactive Milestone                              |                               | Summary Rollup                                  |    |      |             |        |\n|                                                   |                                      | Project Summary                      | Project Summary           | Inactive       | Summary                                         | Page 1                        | Start-only                                      |    |      |             |        |\n\nHer\n\nH\n\nJ\n\n8\n\n<!-- image -->\n\n| ID                                                | Task Name                                         | Duration May   | Start 2024   | Finish                                            | Predecessors Resource Names   | Predecessors Resource Names   | June 2024                                |    | 17                                |             |             |    |    |    |    | 2 July 2024   | 2 July 2024   | 2 July 2024   |\n|---------------------------------------------------|---------------------------------------------------|----------------|--------------|---------------------------------------------------|-------------------------------|-------------------------------|------------------------------------------|----|-----------------------------------|-------------|-------------|----|----|----|----|---------------|---------------|---------------|\n|                                                   | Transaction Entry BKT module                      | 4 days         | Fri 8/16/24  | Wed 8/21/24                                       | 25                            | Alvyn                         | 30 2 5                                   | 8  | 11                                | 14          |             | 20 | 23 | 26 | 29 |               | 5             |               |\n| 28 29                                             | Data Repair BKT module                            | 3 days         | Thu 8/22/24  | Mon 8/26/24                                       | 28                            | Alvyn                         |                                          |    |                                   |             |             |    |    |    |    |               |               |               |\n| 30                                                | Authorize BKT module                              | 2 days         | Tue 8/27/24  | Wed 8/28/24                                       | 29                            | Alvyn                         |                                          |    |                                   |             |             |    |    |    |    |               |               |               |\n| 31                                                | Return BKT module                                 | 2 days         | Thu 8/29/24  | Fri 8/30/24                                       | 30                            | Alvyn                         |                                          |    |                                   |             |             |    |    |    |    |               |               |               |\n| 32                                                | Cancellation BKT module                           | 2 days         | Mon 9/2/24   | Tue 9/3/24                                        | 31                            | Alvyn                         |                                          |    |                                   |             |             |    |    |    |    |               |               |               |\n| 33 Report                                         | 33 Report                                         | 7 days         | Tue 8/6/24   | Wed 8/14/24                                       |                               |                               |                                          |    |                                   |             |             |    |    |    |    |               |               |               |\n| 34                                                | New Outgoing - BKT Transaction Report             | 3 days         | Thu 8/8/24   | Mon 8/12/24                                       | 46                            | Ryan                          |                                          |    |                                   |             |             |    |    |    |    |               |               |               |\n| 35                                                | Adjustment Outgoing - SWIFT Transaction Report    | 2 days         | Tue 8/13/24  | Wed 8/14/24                                       | 34                            | Ryan                          |                                          |    |                                   |             |             |    |    |    |    |               |               |               |\n| 36                                                | Adjustment Outgoing - SKN Transaction Report      | 1 day          | Thu 8/15/24  | Thu 8/15/24                                       | 35                            | Ryan                          |                                          |    |                                   |             |             |    |    |    |    |               |               |               |\n| 37                                                | Adjustment Outgoing - RTGS Transaction Report     | 1 day          | Fri 8/16/24  | Fri 8/16/24                                       | 36                            | Ryan                          |                                          |    |                                   |             |             |    |    |    |    |               |               |               |\n| 38                                                | New Outgoing - MT202 Transaction Report           | 3 days         | Mon 8/19/24  | Wed 8/21/24                                       | 37                            | Ryan                          |                                          |    |                                   |             |             |    |    |    |    |               |               |               |\n| 39                                                | Windows Service                                   | 12 days        | Fri 7/19/24  | Mon8/5/24                                         |                               |                               |                                          |    |                                   |             |             |    |    |    |    |               |               |               |\n|                                                   | Adjustment IFS Generate File Output Rtgs          | 2 days         | Fri 7/19/24  | Mon 7/22/24                                       |                               |                               |                                          |    |                                   |             |             |    |    |    |    |               |               |               |\n| 40 41                                             | Adjustment IFS Generate File Output SKN           | 1 day          | Tue 7/23/24  | Tue 7/23/24                                       | 40                            | Ryan Ryan                     |                                          |    |                                   |             |             |    |    |    |    |               |               |               |\n| 42                                                | Adjustment IFS Generate File Output Swift         | 4 days         | Wed 7/24/24  | Mon 7/29/24                                       | 41                            | Ryan                          |                                          |    |                                   |             |             |    |    |    |    |               |               |               |\n| 43                                                | Adjustment IFS Generate File Posting Swift        | 2 days         | Tue 7/30/24  | Wed 7/31/24                                       |                               | 42 Ryan                       |                                          |    |                                   |             |             |    |    |    |    |               |               |               |\n| 44                                                | Adjustment IFS Generate File Posting RTGS         | 1 day          | Thu 8/1/24   | Thu 8/1/24                                        |                               | 43 Ryan                       |                                          |    |                                   |             |             |    |    |    |    |               |               |               |\n| 45                                                | Adjustment IFS Generate File Posting SKN          | 2 days         | Fri 8/2/24   | Mon 8/5/24                                        | 44                            | Ryan                          |                                          |    |                                   |             |             |    |    |    |    |               |               |               |\n| 46                                                | Adjutsment IFS BKT Generate File Posting          | 2 days         | Tue 8/6/24   | Wed 8/7/24                                        | 45                            | Ryan                          |                                          |    |                                   |             |             |    |    |    |    |               |               |               |\n| 47                                                | INTERNAL TESTING II                               | 26 days        | Thu 8/1/24   | Thu 9/5/24                                        |                               | QA,Herman                     |                                          |    |                                   |             |             |    |    |    |    |               |               |               |\n| 48                                                | User Manual                                       | 10 days        | Fri 9/6/24   | Fri 9/20/24                                       | 47                            | Slamet                        |                                          |    |                                   |             |             |    |    |    |    |               |               |               |\n| 49                                                | CLIENT TESTING                                    | 18 days        | Mon 9/6/21   | Wed 9/29/21                                       |                               |                               |                                          |    |                                   |             |             |    |    |    |    |               |               |               |\n| 50                                                | Deployment to Testing/Development Testing         | 1 day          | Fri 9/6/24   | Fri 9/6/24                                        | 47                            |                               |                                          |    |                                   |             |             |    |    |    |    |               |               |               |\n| 51                                                | System Integration Test II                        | 2 days         | Mon 9/9/24   | Tue 9/10/24                                       |                               | 50                            |                                          |    |                                   |             |             |    |    |    |    |               |               |               |\n|                                                   | User Acceptance Test II                           | 13 days        | Wed 9/11/24  | Mon 9/30/24                                       | 51                            |                               |                                          |    |                                   |             |             |    |    |    |    |               |               |               |\n| 52                                                | User Acceptance Test Sign Off                     | 2 days         |              |                                                   |                               |                               |                                          |    |                                   |             | 53          |    |    |    |    |               |               |               |\n| 54                                                | DEPLOYMENT                                        |                | Tue 10/1/24  | Wed 10/2/24                                       | 52                            |                               |                                          |    |                                   |             |             |    |    |    |    |               |               |               |\n|                                                   |                                                   | 7 days         | Thu 9/30/21  | Fri 10/8/21                                       |                               |                               |                                          |    |                                   |             |             |    |    |    |    |               |               |               |\n|                                                   | Task Split Milestone                              |                |              | External Tasks External Milestone                 |                               |                               | Manual Task Duration-only Manual Summary |    | Deadline Progress Manual Progress | Finish-only | Finish-only |    |    |    |    |               |               |               |\n| Project: QNB - QFT MXto MT- Pro Date: Tue 6/18/24 | Project: QNB - QFT MXto MT- Pro Date: Tue 6/18/24 |                |              | Inactive Task Inactive Milestone Inactive Summary |                               |                               | Rollup Manual Summary Start-only         |    |                                   |             |             |    |    |    |    |               |               |               |\n\nAl\n\nR\n\nQ\n\nID\n\nTask Name\n\nDuration\n\nStart\n\nFinish\n\nPredecessors\n\nResource Names\n\n55\n\nDeployment to Production\n\n2 days\n\nThu 10/3/24\n\nFri 10/4/24\n\n53\n\n56\n\nProduction Acceptance Test\n\n5 days\n\nMon 10/7/24\n\nFri 10/11/24\n\n55\n\n30\n\n2\n\n5\n\n8\n\n11\n\n14\n\n17\n\n20\n\n23\n\n26\n\n29\n\n2\n\n5\n\nMay 2024\n\nJune 2024\n\nJuly 2024\n\nTask\n\nSplit\n\nMilestone\n\nSummary\n\nProject Summary\n\nExternal Tasks\n\nExternal Milestone\n\nInactive Task\n\nInactive Milestone\n\nInactive Summary\n\nManual Task\n\nDuration-only\n\nManual Summary Rollup\n\nManual Summary\n\nStart-only\n\nFinish-only\n\nDeadline\n\nProgress\n\nManual Progress\n\nPage 3\n\nProject: QNB - QFT MX to MT - Pro Date: Tue 6/18/24\n\n8\n\nHerman\n\n<!-- image -->\n\n12\n\n<!-- image -->\n\n12\n\n8\n\n11\n\n14\n\n17\n\n20\n\n23\n\n26\n\n29\n\n1\n\n4\n\n7\n\n10\n\n13\n\n16\n\n19\n\n22\n\n25\n\n28\n\n31\n\n3\n\n6\n\n9\n\n12\n\n15\n\n18\n\n21\n\n24\n\n27\n\n30\n\n3\n\n6\n\n9\n\nAugust 2024\n\nSeptember 2024\n\nOctober 2024\n\nTask\n\nSplit\n\nMilestone\n\nSummary\n\nProject Summary\n\nExternal Tasks\n\nExternal Milestone\n\nInactive Task\n\nInactive Milestone\n\nInactive Summary\n\nManual Task\n\nDuration-only\n\nManual Summary Rollup\n\nManual Summary\n\nStart-only\n\nFinish-only\n\nDeadline\n\nProgress\n\nManual Progress\n\nPage 6\n\nProject: QNB - QFT MX to MT - Pro\n\nDate: Tue 6/18/24\n\n<!-- image -->\n\n12",
  "combined_text": "8\n\n<!-- image -->\n\n|                                                   | Task Name                            |                                      | Duration Start May 2024   | Finish         |                                                 | Predecessors Resource Names   | June 2024                                       |    | ID   | July 2024   |        |\n|---------------------------------------------------|--------------------------------------|--------------------------------------|---------------------------|----------------|-------------------------------------------------|-------------------------------|-------------------------------------------------|----|------|-------------|--------|\n| 1                                                 | ANALYSIS & DESIGN                    | ANALYSIS & DESIGN                    | 22 days                   | Wed 6/12/24    | Tue 7/16/24                                     |                               | 30 2                                            |    |      | 29 2        | 5      |\n| 2                                                 | Requirement Gathering II             | Requirement Gathering II             | 4 days                    | Wed 6/12/24    | Wed 6/19/24                                     | Herman                        |                                                 |    |      |             |        |\n| 3                                                 | Functional Specification Document II | Functional Specification Document II | 11 days                   | Thu 6/20/24    | Fri 7/5/24 2                                    | Herman                        |                                                 |    |      |             | Herman |\n| 4                                                 | Database Design                      | Database Design                      | 2 days                    | Mon 7/8/24     | Tue 7/9/24 3                                    | Herman                        |                                                 |    |      |             |        |\n| 5                                                 | User Interface Design                | User Interface Design                | 1 day                     | Wed 7/10/24    | Wed 7/10/24 4                                   | Herman                        |                                                 |    |      |             |        |\n| 6                                                 | Test Script 4                        | Test Script 4                        | days                      | Thu 7/11/24    | Tue 7/16/24 5                                   | Herman,QA                     |                                                 |    |      |             |        |\n| 7                                                 | FSD Sign Off 3                       | FSD Sign Off 3                       | days                      | Mon 7/8/24 Wed | 7/10/24 2                                       | Jeannie,Herman,QNB            | Team                                            |    |      |             |        |\n| 8                                                 | DEVELOPMENT                          | DEVELOPMENT                          | 34 days                   | Thu 7/11/24    | Tue 8/27/24 4                                   |                               |                                                 |    |      |             |        |\n| 9                                                 | Landing Page 3                       | Landing Page 3                       | days                      | Thu 8/15/24    | Mon 8/19/24                                     |                               |                                                 |    |      |             |        |\n| 10                                                | Dashboard                            | Dashboard                            | 3 days                    | Mon8/26/24     | Wed8/28/24                                      | 26 Ryan                       |                                                 |    |      |             |        |\n| 11                                                | Transaction Swift                    | Transaction Swift                    | 10 days                   | Thu 7/11/24    | Wed7/24/24                                      |                               |                                                 |    |      |             |        |\n| 12                                                | Outgoing - Data Entry (New)          | Outgoing - Data Entry (New)          | 5 days                    | Thu 7/11/24    | Wed 7/17/24                                     | Alvyn                         |                                                 |    |      |             |        |\n| 13                                                | Outgoing - Data Repair Adjustment    | Outgoing - Data Repair Adjustment    | 2 days                    | Thu 7/18/24    | Fri 7/19/24                                     | 12 Alvyn                      |                                                 |    |      |             |        |\n| 14                                                | Outgoing - Authorize Adjustment      | Outgoing - Authorize Adjustment      | 1 day                     | Mon 7/22/24    | Mon 7/22/24                                     | 13 Alvyn                      |                                                 |    |      |             |        |\n| 15                                                | Outgoing - Return Adjustment         | Outgoing - Return Adjustment         | 1 day                     | Tue 7/23/24    | Tue 7/23/24                                     | 14 Alvyn                      |                                                 |    |      |             |        |\n| 16                                                | Outgoing - Cancellation Adjustment   | Outgoing - Cancellation Adjustment   | 1 day                     | Wed 7/24/24    | Wed 7/24/24                                     | 15 Alvyn                      |                                                 |    |      |             |        |\n| 17                                                | Transaction SKN                      | Transaction SKN                      | 5 days                    | Thu 7/25/24    | Wed7/31/24                                      | Alvyn                         |                                                 |    |      |             |        |\n| 18                                                | Outgoing - Data Entry (New)          | Outgoing - Data Entry (New)          | 5 days                    | Thu 7/25/24    | Wed 7/31/24                                     | 16 Alvyn                      |                                                 |    |      |             |        |\n| 19                                                | Transaction RTGS                     | Transaction RTGS                     | 5 days                    | Thu 8/1/24     | Wed8/7/24                                       |                               |                                                 |    |      |             |        |\n| 20                                                | Outgoing - Data Entry (New)          | Outgoing - Data Entry (New)          | 5 days                    | Thu 8/1/24     | Wed 8/7/24                                      | 18 Alvyb                      |                                                 |    |      |             |        |\n| 21                                                | Security                             | Security                             | 1 day                     | Thu 8/8/24     | Thu 8/8/24                                      |                               |                                                 |    |      |             |        |\n| 22                                                | User - adding Branch Code User       | User - adding Branch Code User       | 1 day                     | Thu 8/8/24     | Thu 8/8/24                                      | 20 Alvyn                      |                                                 |    |      |             |        |\n| 23                                                | Transaction MT202                    | Transaction MT202                    | 1 day                     | Thu 8/8/24     | Thu 8/8/24                                      |                               |                                                 |    |      |             |        |\n| 24                                                | Entry MT202                          | Entry MT202                          | 3 days                    | Fri 8/9/24     | Tue 8/13/24                                     | 22 Alvyn                      |                                                 |    |      |             |        |\n| 25                                                | Authorize MT202                      | Authorize MT202                      | 2 days                    | Wed 8/14/24    | Thu 8/15/24                                     | 24 Alvyn                      |                                                 |    |      |             |        |\n| Output pacs.009                                   | Generate                             | Generate                             | 2 days                    | Thu 8/22/24    | Fri 8/23/24                                     | 38 Ryan                       |                                                 | 26 |      |             |        |\n| 27                                                | New Transaction BKT / PinBook        | New Transaction BKT / PinBook        |                           |                | Tue 8/27/24                                     |                               |                                                 |    |      |             |        |\n| Project: QNB - QFT MXto MT- Pro Date: Tue 6/18/24 |                                      |                                      | 13 days                   | Fri 8/9/24     |                                                 |                               |                                                 |    |      |             |        |\n|                                                   |                                      | Task Split                           | Task Split                |                | External Tasks External Milestone Inactive Task |                               | Manual Task Duration-only Manual Manual Summary |    |      |             |        |\n|                                                   |                                      | Milestone                            | Milestone                 |                | Inactive Milestone                              |                               | Summary Rollup                                  |    |      |             |        |\n|                                                   |                                      | Project Summary                      | Project Summary           | Inactive       | Summary                                         | Page 1                        | Start-only                                      |    |      |             |        |\n\nHer\n\nH\n\nJ\n\n8\n\n<!-- image -->\n\n| ID                                                | Task Name                                         | Duration May   | Start 2024   | Finish                                            | Predecessors Resource Names   | Predecessors Resource Names   | June 2024                                |    | 17                                |             |             |    |    |    |    | 2 July 2024   | 2 July 2024   | 2 July 2024   |\n|---------------------------------------------------|---------------------------------------------------|----------------|--------------|---------------------------------------------------|-------------------------------|-------------------------------|------------------------------------------|----|-----------------------------------|-------------|-------------|----|----|----|----|---------------|---------------|---------------|\n|                                                   | Transaction Entry BKT module                      | 4 days         | Fri 8/16/24  | Wed 8/21/24                                       | 25                            | Alvyn                         | 30 2 5                                   | 8  | 11                                | 14          |             | 20 | 23 | 26 | 29 |               | 5             |               |\n| 28 29                                             | Data Repair BKT module                            | 3 days         | Thu 8/22/24  | Mon 8/26/24                                       | 28                            | Alvyn                         |                                          |    |                                   |             |             |    |    |    |    |               |               |               |\n| 30                                                | Authorize BKT module                              | 2 days         | Tue 8/27/24  | Wed 8/28/24                                       | 29                            | Alvyn                         |                                          |    |                                   |             |             |    |    |    |    |               |               |               |\n| 31                                                | Return BKT module                                 | 2 days         | Thu 8/29/24  | Fri 8/30/24                                       | 30                            | Alvyn                         |                                          |    |                                   |             |             |    |    |    |    |               |               |               |\n| 32                                                | Cancellation BKT module                           | 2 days         | Mon 9/2/24   | Tue 9/3/24                                        | 31                            | Alvyn                         |                                          |    |                                   |             |             |    |    |    |    |               |               |               |\n| 33 Report                                         | 33 Report                                         | 7 days         | Tue 8/6/24   | Wed 8/14/24                                       |                               |                               |                                          |    |                                   |             |             |    |    |    |    |               |               |               |\n| 34                                                | New Outgoing - BKT Transaction Report             | 3 days         | Thu 8/8/24   | Mon 8/12/24                                       | 46                            | Ryan                          |                                          |    |                                   |             |             |    |    |    |    |               |               |               |\n| 35                                                | Adjustment Outgoing - SWIFT Transaction Report    | 2 days         | Tue 8/13/24  | Wed 8/14/24                                       | 34                            | Ryan                          |                                          |    |                                   |             |             |    |    |    |    |               |               |               |\n| 36                                                | Adjustment Outgoing - SKN Transaction Report      | 1 day          | Thu 8/15/24  | Thu 8/15/24                                       | 35                            | Ryan                          |                                          |    |                                   |             |             |    |    |    |    |               |               |               |\n| 37                                                | Adjustment Outgoing - RTGS Transaction Report     | 1 day          | Fri 8/16/24  | Fri 8/16/24                                       | 36                            | Ryan                          |                                          |    |                                   |             |             |    |    |    |    |               |               |               |\n| 38                                                | New Outgoing - MT202 Transaction Report           | 3 days         | Mon 8/19/24  | Wed 8/21/24                                       | 37                            | Ryan                          |                                          |    |                                   |             |             |    |    |    |    |               |               |               |\n| 39                                                | Windows Service                                   | 12 days        | Fri 7/19/24  | Mon8/5/24                                         |                               |                               |                                          |    |                                   |             |             |    |    |    |    |               |               |               |\n|                                                   | Adjustment IFS Generate File Output Rtgs          | 2 days         | Fri 7/19/24  | Mon 7/22/24                                       |                               |                               |                                          |    |                                   |             |             |    |    |    |    |               |               |               |\n| 40 41                                             | Adjustment IFS Generate File Output SKN           | 1 day          | Tue 7/23/24  | Tue 7/23/24                                       | 40                            | Ryan Ryan                     |                                          |    |                                   |             |             |    |    |    |    |               |               |               |\n| 42                                                | Adjustment IFS Generate File Output Swift         | 4 days         | Wed 7/24/24  | Mon 7/29/24                                       | 41                            | Ryan                          |                                          |    |                                   |             |             |    |    |    |    |               |               |               |\n| 43                                                | Adjustment IFS Generate File Posting Swift        | 2 days         | Tue 7/30/24  | Wed 7/31/24                                       |                               | 42 Ryan                       |                                          |    |                                   |             |             |    |    |    |    |               |               |               |\n| 44                                                | Adjustment IFS Generate File Posting RTGS         | 1 day          | Thu 8/1/24   | Thu 8/1/24                                        |                               | 43 Ryan                       |                                          |    |                                   |             |             |    |    |    |    |               |               |               |\n| 45                                                | Adjustment IFS Generate File Posting SKN          | 2 days         | Fri 8/2/24   | Mon 8/5/24                                        | 44                            | Ryan                          |                                          |    |                                   |             |             |    |    |    |    |               |               |               |\n| 46                                                | Adjutsment IFS BKT Generate File Posting          | 2 days         | Tue 8/6/24   | Wed 8/7/24                                        | 45                            | Ryan                          |                                          |    |                                   |             |             |    |    |    |    |               |               |               |\n| 47                                                | INTERNAL TESTING II                               | 26 days        | Thu 8/1/24   | Thu 9/5/24                                        |                               | QA,Herman                     |                                          |    |                                   |             |             |    |    |    |    |               |               |               |\n| 48                                                | User Manual                                       | 10 days        | Fri 9/6/24   | Fri 9/20/24                                       | 47                            | Slamet                        |                                          |    |                                   |             |             |    |    |    |    |               |               |               |\n| 49                                                | CLIENT TESTING                                    | 18 days        | Mon 9/6/21   | Wed 9/29/21                                       |                               |                               |                                          |    |                                   |             |             |    |    |    |    |               |               |               |\n| 50                                                | Deployment to Testing/Development Testing         | 1 day          | Fri 9/6/24   | Fri 9/6/24                                        | 47                            |                               |                                          |    |                                   |             |             |    |    |    |    |               |               |               |\n| 51                                                | System Integration Test II                        | 2 days         | Mon 9/9/24   | Tue 9/10/24                                       |                               | 50                            |                                          |    |                                   |             |             |    |    |    |    |               |               |               |\n|                                                   | User Acceptance Test II                           | 13 days        | Wed 9/11/24  | Mon 9/30/24                                       | 51                            |                               |                                          |    |                                   |             |             |    |    |    |    |               |               |               |\n| 52                                                | User Acceptance Test Sign Off                     | 2 days         |              |                                                   |                               |                               |                                          |    |                                   |             | 53          |    |    |    |    |               |               |               |\n| 54                                                | DEPLOYMENT                                        |                | Tue 10/1/24  | Wed 10/2/24                                       | 52                            |                               |                                          |    |                                   |             |             |    |    |    |    |               |               |               |\n|                                                   |                                                   | 7 days         | Thu 9/30/21  | Fri 10/8/21                                       |                               |                               |                                          |    |                                   |             |             |    |    |    |    |               |               |               |\n|                                                   | Task Split Milestone                              |                |              | External Tasks External Milestone                 |                               |                               | Manual Task Duration-only Manual Summary |    | Deadline Progress Manual Progress | Finish-only | Finish-only |    |    |    |    |               |               |               |\n| Project: QNB - QFT MXto MT- Pro Date: Tue 6/18/24 | Project: QNB - QFT MXto MT- Pro Date: Tue 6/18/24 |                |              | Inactive Task Inactive Milestone Inactive Summary |                               |                               | Rollup Manual Summary Start-only         |    |                                   |             |             |    |    |    |    |               |               |               |\n\nAl\n\nR\n\nQ\n\nID\n\nTask Name\n\nDuration\n\nStart\n\nFinish\n\nPredecessors\n\nResource Names\n\n55\n\nDeployment to Production\n\n2 days\n\nThu 10/3/24\n\nFri 10/4/24\n\n53\n\n56\n\nProduction Acceptance Test\n\n5 days\n\nMon 10/7/24\n\nFri 10/11/24\n\n55\n\n30\n\n2\n\n5\n\n8\n\n11\n\n14\n\n17\n\n20\n\n23\n\n26\n\n29\n\n2\n\n5\n\nMay 2024\n\nJune 2024\n\nJuly 2024\n\nTask\n\nSplit\n\nMilestone\n\nSummary\n\nProject Summary\n\nExternal Tasks\n\nExternal Milestone\n\nInactive Task\n\nInactive Milestone\n\nInactive Summary\n\nManual Task\n\nDuration-only\n\nManual Summary Rollup\n\nManual Summary\n\nStart-only\n\nFinish-only\n\nDeadline\n\nProgress\n\nManual Progress\n\nPage 3\n\nProject: QNB - QFT MX to MT - Pro Date: Tue 6/18/24\n\n8\n\nHerman\n\n<!-- image -->\n\n12\n\n<!-- image -->\n\n12\n\n8\n\n11\n\n14\n\n17\n\n20\n\n23\n\n26\n\n29\n\n1\n\n4\n\n7\n\n10\n\n13\n\n16\n\n19\n\n22\n\n25\n\n28\n\n31\n\n3\n\n6\n\n9\n\n12\n\n15\n\n18\n\n21\n\n24\n\n27\n\n30\n\n3\n\n6\n\n9\n\nAugust 2024\n\nSeptember 2024\n\nOctober 2024\n\nTask\n\nSplit\n\nMilestone\n\nSummary\n\nProject Summary\n\nExternal Tasks\n\nExternal Milestone\n\nInactive Task\n\nInactive Milestone\n\nInactive Summary\n\nManual Task\n\nDuration-only\n\nManual Summary Rollup\n\nManual Summary\n\nStart-only\n\nFinish-only\n\nDeadline\n\nProgress\n\nManual Progress\n\nPage 6\n\nProject: QNB - QFT MX to MT - Pro\n\nDate: Tue 6/18/24\n\n<!-- image -->\n\n12",
  "text_length": 26478
}